date,total_cases,new_cases,total_deaths,new_deaths,new_tests,total_tests
12/02/2020,,,,,,
26/02/2020,1,1,,,,
27/02/2020,1,0,,,,
28/02/2020,6,5,,,,
29/02/2020,15,9,,,,
01/03/2020,19,4,,,,
02/03/2020,25,6,,,,
03/03/2020,32,7,,,,
04/03/2020,56,24,,,,
05/03/2020,87,31,,,,
06/03/2020,108,21,,,,
07/03/2020,147,39,,,,
08/03/2020,176,29,,,,
09/03/2020,205,29,,,,
10/03/2020,400,195,,,,
11/03/2020,598,198,,,,
12/03/2020,702,104,,,,
13/03/2020,996,294,,,,
14/03/2020,1090,94,3,3,,
15/03/2020,1221,131,3,0,,
16/03/2020,1333,112,3,0,,
17/03/2020,1463,130,3,0,,
18/03/2020,1550,87,6,3,,
19/03/2020,1746,196,7,1,,
20/03/2020,1914,168,7,0,,
21/03/2020,2118,204,7,0,,
22/03/2020,2385,267,7,0,,
23/03/2020,2621,236,10,3,,
24/03/2020,2863,242,12,2,,
25/03/2020,3084,221,14,2,,
26/03/2020,3369,285,14,0,,
27/03/2020,3755,386,19,5,,
28/03/2020,4015,260,23,4,,
29/03/2020,4284,269,25,2,,
30/03/2020,4445,161,32,7,,
31/03/2020,4641,196,39,7,,
01/04/2020,4863,222,44,5,3934,3934
02/04/2020,5147,284,50,6,3559,7493
03/04/2020,5370,223,59,9,3558,11051
04/04/2020,5550,180,62,3,1389,12440
05/04/2020,5687,137,71,9,1120,13560
06/04/2020,5865,178,76,5,3528,17088
07/04/2020,6086,221,89,13,2977,20065
08/04/2020,6086,0,101,12,2268,22333
09/04/2020,6211,125,108,7,1332,23665
10/04/2020,6314,103,113,5,1363,25028
11/04/2020,6409,95,119,6,1424,26452
12/04/2020,6525,116,128,9,1248,27700
13/04/2020,6603,78,134,6,1320,29020
14/04/2020,6623,20,139,5,3365,32385
15/04/2020,6740,117,150,11,3433,35818
16/04/2020,6896,156,152,2,3110,38928
17/04/2020,6937,41,161,9,3131,42059
18/04/2020,7036,99,164,3,1176,43235
19/04/2020,7078,42,165,1,1144,44379
20/04/2020,7156,78,181,16,3775,48154
21/04/2020,7191,35,182,1,3585,51739
22/04/2020,7338,147,187,5,3347,55086
23/04/2020,7401,63,194,7,2971,58057
24/04/2020,7463,62,199,5,3285,61342
25/04/2020,7499,36,201,2,1134,62476
26/04/2020,7527,28,201,0,976,63452
27/04/2020,7599,72,205,4,4104,67556
28/04/2020,7660,61,206,1,4115,71671
29/04/2020,7710,50,207,1,3957,75628
30/04/2020,7738,28,210,3,4439,80067
01/05/2020,7783,45,210,0,1510,81577
02/05/2020,7809,26,211,1,1554,83131
03/05/2020,7847,38,211,0,1264,84395
04/05/2020,7904,57,214,3,4732,89127
05/05/2020,7955,51,215,1,4318,93445
06/05/2020,7996,41,216,1,4285,97730
07/05/2020,8034,38,217,1,3751,101481
08/05/2020,8070,36,218,1,3804,105285
09/05/2020,8099,29,219,1,1304,106589
10/05/2020,8105,6,219,0,1005,107594
11/05/2020,8132,27,224,5,4405,111999
12/05/2020,8157,25,228,4,4799,116798
13/05/2020,8175,18,229,1,4472,121270
14/05/2020,8196,21,232,3,4207,125477
15/05/2020,8219,23,232,0,4179,129656
16/05/2020,8237,18,232,0,1314,130970
17/05/2020,8249,12,232,0,668,131638
18/05/2020,8257,8,233,1,4413,136051
19/05/2020,8267,10,233,0,4664,140715
20/05/2020,8281,14,234,1,3955,144670
21/05/2020,8309,28,235,1,1150,145820
22/05/2020,8332,23,235,0,3348,149168
23/05/2020,8346,14,235,0,1042,150210
24/05/2020,8352,6,235,0,901,151111
25/05/2020,8364,12,235,0,4076,155187
26/05/2020,8383,19,235,0,3458,158645
27/05/2020,8401,18,235,0,3290,161935
28/05/2020,8411,10,236,1,2787,164722
29/05/2020,8422,11,236,0,2595,167317
30/05/2020,8437,15,236,0,,
31/05/2020,8440,3,236,0,636,167953
01/06/2020,8446,6,236,0,746,168699
02/06/2020,8455,9,237,1,3850,172549
03/06/2020,8477,22,237,0,3139,175688
04/06/2020,8504,27,238,1,2930,178618
05/06/2020,8522,18,238,0,2935,181553
06/06/2020,8531,9,238,0,952,182505
07/06/2020,8547,16,238,0,949,183454
08/06/2020,8561,14,239,1,5755,189209
09/06/2020,8576,15,239,0,5662,194871
10/06/2020,8594,18,239,0,4562,199433
11/06/2020,8608,14,242,3,4869,204302
12/06/2020,8620,12,242,0,4635,208937
13/06/2020,8628,8,242,0,1249,210186
14/06/2020,8631,3,242,0,1135,211321
15/06/2020,8647,16,242,0,5855,217176
16/06/2020,8660,13,242,0,5453,222629
17/06/2020,8692,32,243,1,4985,227614
18/06/2020,8708,16,244,1,4565,232179
19/06/2020,8726,18,244,0,3815,235994
20/06/2020,8742,16,244,0,1065,237059
21/06/2020,8745,3,244,0,1034,238093
22/06/2020,8751,6,248,4,5038,243131
23/06/2020,8772,21,248,0,4666,247797
24/06/2020,8788,16,249,1,4636,252433
25/06/2020,8788,0,249,0,4180,256613
26/06/2020,8832,44,249,0,3935,260548
27/06/2020,8846,14,249,0,1116,261664
28/06/2020,8855,9,249,0,993,262657
29/06/2020,8862,7,249,0,5948,268605
30/06/2020,8879,17,250,1,5032,273637
01/07/2020,8896,17,251,1,5124,278761
02/07/2020,8902,6,251,0,4749,283510
03/07/2020,8921,19,251,0,4543,288053
04/07/2020,8926,5,251,0,1430,289483
05/07/2020,8930,4,251,0,1199,290682
06/07/2020,8936,6,251,0,6328,297010
07/07/2020,8947,11,251,0,5351,302361
08/07/2020,8950,3,251,0,5307,307668
09/07/2020,8965,15,252,1,4819,312487
10/07/2020,8974,9,252,0,4703,317190
11/07/2020,8977,3,252,0,1397,318587
12/07/2020,8981,4,252,0,1201,319788
13/07/2020,8984,3,253,1,6377,326165
14/07/2020,9001,17,253,0,5268,331433
15/07/2020,9011,10,253,0,5409,336842
16/07/2020,9015,4,254,1,4562,341404
17/07/2020,9025,10,255,1,4147,345551
18/07/2020,9028,3,255,0,1421,346972
19/07/2020,9028,0,255,0,1350,348322
20/07/2020,9034,6,255,0,6024,354346
21/07/2020,9053,19,255,0,4825,359171
22/07/2020,9059,6,255,0,4930,364101
23/07/2020,9085,26,255,0,4485,368586
24/07/2020,9092,7,255,0,4525,373111
25/07/2020,9111,19,255,0,1709,374820
26/07/2020,9117,6,255,0,1473,376293
27/07/2020,9132,15,255,0,6884,383177
28/07/2020,9150,18,255,0,5896,389073
29/07/2020,9172,22,255,0,5897,394970
30/07/2020,9208,36,255,0,5568,400538
31/07/2020,9240,32,255,0,5468,406006
01/08/2020,9253,13,255,0,2114,408120
02/08/2020,9268,15,255,0,1905,410025
03/08/2020,9334,66,256,1,9328,419353
04/08/2020,9362,28,256,0,8446,427799
05/08/2020,9409,47,256,0,8765,436564
06/08/2020,9468,59,256,0,8695,445259
07/08/2020,9551,83,256,0,8447,453706
08/08/2020,9599,48,256,0,3301,457007
09/08/2020,9638,39,256,0,3174,460181
10/08/2020,9684,46,256,0,13508,473689
11/08/2020,9751,67,256,0,12977,486666
12/08/2020,9783,32,256,0,13449,500115
13/08/2020,9851,68,257,1,13277,513392
14/08/2020,9908,57,261,4,13789,527181
15/08/2020,9965,57,261,0,6039,533220
16/08/2020,10005,40,261,0,5301,538521
17/08/2020,10060,55,261,0,18281,556802
18/08/2020,10111,51,262,1,16995,573797
19/08/2020,10162,51,262,0,16540,590337
20/08/2020,10197,35,264,2,15674,606011
21/08/2020,10275,78,264,0,15276,621287
22/08/2020,10299,24,264,0,6818,628105
23/08/2020,10323,24,264,0,6967,635072
24/08/2020,10395,72,264,0,21199,656271
25/08/2020,10454,59,264,0,19398,675669
26/08/2020,10504,50,264,0,18867,694536
27/08/2020,10542,38,264,0,17348,711884
28/08/2020,10582,40,264,0,16504,728388
29/08/2020,10611,29,264,0,6399,734787
30/08/2020,10643,32,264,0,6798,741585
31/08/2020,10782,139,264,0,22744,764329
01/09/2020,10871,89,264,0,20451,784780
02/09/2020,11034,163,264,0,19202,803982
03/09/2020,11120,86,264,0,17749,821731
04/09/2020,11231,111,264,0,15608,837339
05/09/2020,11296,65,264,0,6022,843361
06/09/2020,11388,92,264,0,6432,849793
07/09/2020,11521,133,264,0,21040,870833
08/09/2020,11623,102,264,0,18885,889718
09/09/2020,11746,123,264,0,17958,907676
10/09/2020,11867,121,265,1,15703,923379
11/09/2020,12003,136,265,0,14994,938373
12/09/2020,12079,76,265,0,7117,945490
13/09/2020,12154,75,265,0,6775,952265
14/09/2020,12276,122,265,0,21548,973813
15/09/2020,12393,117,265,0,19021,992834
16/09/2020,12498,105,265,0,17706,1010540
17/09/2020,12644,146,266,1,15293,1025833
18/09/2020,12769,125,267,1,14156,1039989
19/09/2020,12858,89,267,0,5846,1045835
20/09/2020,12897,39,267,0,5823,1051658
21/09/2020,13005,108,267,0,20824,1072482
22/09/2020,13153,148,267,0,16814,1089296
23/09/2020,13277,124,267,0,16385,1105681
24/09/2020,13406,129,270,3,14500,1120181
25/09/2020,13545,139,270,0,13910,1134091
26/09/2020,13627,82,270,0,6044,1140135
27/09/2020,13698,71,270,0,5989,1146124
28/09/2020,13788,90,274,4,19257,1165381
29/09/2020,13915,127,274,0,15539,1180920
30/09/2020,14027,112,274,0,15000,1195920
01/10/2020,14149,122,274,0,12955,1208875
02/10/2020,14284,135,275,1,13201,1222076
03/10/2020,14362,78,275,0,5833,1227909
04/10/2020,14457,95,275,0,6041,1233950
05/10/2020,14605,148,275,0,19356,1253306
06/10/2020,14784,179,275,0,15017,1268323
07/10/2020,15013,229,275,0,14370,1282693
08/10/2020,15221,208,275,0,13135,1295828
09/10/2020,15388,167,275,0,12823,1308651
10/10/2020,15466,78,275,0,5928,1314579
11/10/2020,15524,58,275,0,6489,1321068
12/10/2020,15639,115,276,1,19927,1340995
13/10/2020,15793,154,277,1,15836,1356831
14/10/2020,15953,160,277,0,15341,1372172
15/10/2020,16137,184,278,1,13855,1386027
16/10/2020,16272,135,278,0,13145,1399172
17/10/2020,16369,97,278,0,5973,1405145
18/10/2020,16457,88,278,0,6441,1411586
19/10/2020,16603,146,278,0,20754,1432340
20/10/2020,16772,169,278,0,17078,1449418
21/10/2020,16964,192,279,1,16267,1465685
22/10/2020,17234,270,279,0,15665,1481350
23/10/2020,17532,298,279,0,15490,1496840
24/10/2020,17749,217,279,0,7531,1504371
25/10/2020,17909,160,279,0,7838,1512209
26/10/2020,18342,433,279,0,23653,1535862
27/10/2020,18666,324,280,1,21075,1556937
28/10/2020,19069,403,280,0,21366,1578303
29/10/2020,19564,495,281,1,21095,1599398
30/10/2020,20062,498,282,1,20690,1620088
31/10/2020,20331,269,282,0,9643,1629731
01/11/2020,20635,304,282,0,9751,1639482
02/11/2020,21339,704,282,0,28044,1667526
03/11/2020,21956,617,282,0,27334,1694860
04/11/2020,22578,622,282,0,25878,1720738
05/11/2020,23229,651,284,2,27893,1748631
06/11/2020,23835,606,285,1,27382,1776013
07/11/2020,24243,408,285,0,12566,1788579
08/11/2020,24732,489,285,0,11751,1800330
09/11/2020,25325,593,285,0,31169,1831499
10/11/2020,25887,562,285,0,25733,1857232
11/11/2020,26511,624,285,0,23863,1881095
12/11/2020,27228,717,291,6,23691,1904786
13/11/2020,27916,688,294,3,22172,1926958
14/11/2020,28434,518,294,0,9916,1936874
15/11/2020,28434,0,294,0,10961,1947835
16/11/2020,28434,0,294,0,28550,1976385
17/11/2020,30114,1680,298,4,21833,1998218
18/11/2020,30770,656,300,2,21626,2019844
19/11/2020,31441,671,305,5,19390,2039234
20/11/2020,32014,573,306,1,18146,2057380
21/11/2020,32352,338,306,0,8300,2065680
22/11/2020,32765,413,306,0,8366,2074046
23/11/2020,33183,418,311,5,25803,2099849
24/11/2020,33717,534,314,3,19535,2119384
25/11/2020,34268,551,316,2,19442,2138826
26/11/2020,34748,480,316,0,18611,2157437
27/11/2020,35193,445,328,12,15947,2173384
28/11/2020,35546,353,328,0,7020,2180404
29/11/2020,35828,282,328,0,7113,2187517
30/11/2020,36150,322,332,4,23032,2210549
01/12/2020,36591,441,334,2,18383,2228932
02/12/2020,36969,378,351,17,17671,2246603
03/12/2020,37371,402,353,2,17586,2264189
04/12/2020,37801,430,354,1,15703,2279892
05/12/2020,38073,272,354,0,6809,2286701
06/12/2020,38323,250,354,0,7364,2294065
07/12/2020,38703,380,359,5,23711,2317776
08/12/2020,39163,460,361,2,19050,2336826
09/12/2020,39525,362,361,0,18928,2355754
10/12/2020,40023,498,382,21,19328,2375082
11/12/2020,40439,416,387,5,17819,2392901
12/12/2020,40803,364,387,0,8979,2401880
13/12/2020,41003,200,387,0,9141,2411021
14/12/2020,41334,331,393,6,26127,2437148
15/12/2020,41852,518,395,2,22617,2459765
16/12/2020,42312,460,402,7,23137,2482902
17/12/2020,42776,464,404,2,23966,2506868
18/12/2020,43207,431,404,0,24276,2531144
19/12/2020,43582,375,404,0,13313,2544457
20/12/2020,43905,323,404,0,12722,2557179
21/12/2020,44336,431,405,1,31845,2589024
22/12/2020,44932,596,405,0,26554,2615578
23/12/2020,45455,523,421,16,18349,2633927
24/12/2020,45931,476,421,0,6089,2640016
25/12/2020,46248,317,421,0,6598,2646614
26/12/2020,46678,430,421,0,10938,2657552
27/12/2020,47059,381,421,0,10316,2667868
28/12/2020,47585,526,429,8,21778,2689646
29/12/2020,48278,693,433,4,19332,2708978
30/12/2020,49010,732,436,3,19102,2728080
31/12/2020,49567,557,436,0,9066,2737146
01/01/2021,49803,236,436,0,7268,2744414
02/01/2021,50266,463,436,0,15351,2759765
03/01/2021,50716,450,436,0,15310,2775075
04/01/2021,51245,529,449,13,37953,2813028
05/01/2021,52180,935,452,3,31696,2844724
06/01/2021,52967,787,465,13,29821,2874545
07/01/2021,53792,825,467,2,29217,2903762
08/01/2021,54476,684,472,5,27641,2931403
09/01/2021,54919,443,472,0,15395,2946798
10/01/2021,55474,555,472,0,14677,2961475
11/01/2021,55903,429,478,6,32616,2994091
12/01/2021,56615,712,482,4,23527,3017618
13/01/2021,57282,667,509,27,22261,3039879
14/01/2021,57736,454,511,2,20206,3060085
15/01/2021,58202,466,517,6,18599,3078684
16/01/2021,58445,243,517,0,8669,3087353
17/01/2021,58651,206,517,0,8651,3096004
18/01/2021,59034,383,521,4,23321,3119325
19/01/2021,59456,422,525,4,17854,3137179
20/01/2021,59887,431,543,18,17566,3154745
21/01/2021,60259,372,544,1,15251,3169996
22/01/2021,60565,306,544,0,15077,3185073
23/01/2021,60803,238,544,0,8490,3193563
24/01/2021,61082,279,544,0,9580,3203143
25/01/2021,61315,233,548,4,27944,3231087
26/01/2021,61594,279,550,2,21347,3252434
27/01/2021,61961,367,556,6,20749,3273183
28/01/2021,62276,315,557,1,20438,3293621
29/01/2021,62575,299,564,7,17948,3311569
30/01/2021,62793,218,564,0,7314,3318883
31/01/2021,62966,173,564,0,7136,3326019
01/02/2021,63262,296,567,3,22629,3348648
02/02/2021,63553,291,568,1,17816,3366464
03/02/2021,63839,286,574,6,17959,3384423
04/02/2021,64212,373,582,8,17632,3402055
05/02/2021,64483,271,582,0,16074,3418129
06/02/2021,64653,170,582,0,7593,3425722
07/02/2021,64772,119,582,0,6878,3432600
08/02/2021,65118,346,582,0,22919,3455519
09/02/2021,65338,220,583,1,20975,3476494
10/02/2021,65547,209,592,9,19423,3495917
11/02/2021,65811,264,592,0,17806,3513723
12/02/2021,66236,425,592,0,18099,3531822
13/02/2021,66392,156,592,0,8369,3540191
14/02/2021,66501,109,592,0,6736,3546927
15/02/2021,66854,353,593,1,22263,3569190
16/02/2021,67140,286,593,0,19680,3588870
17/02/2021,67498,358,607,14,19880,3608750
18/02/2021,67824,326,607,0,18753,3627503
19/02/2021,68107,283,607,0,18114,3645617
20/02/2021,68315,208,607,0,8913,3654530
21/02/2021,68532,217,607,0,7666,3662196
22/02/2021,68758,226,608,1,20539,3682735
23/02/2021,69148,390,608,0,17102,3699837
24/02/2021,69489,341,620,12,18246,3718083
25/02/2021,70040,551,620,0,18736,3736819
26/02/2021,70564,524,622,2,19606,3756425
27/02/2021,70826,262,622,0,10546,3766971
28/02/2021,71006,180,622,0,11322,3778293
01/03/2021,71735,729,623,1,26937,3805230
02/03/2021,72234,499,623,0,23972,3829202
03/03/2021,72923,689,632,9,24435,3853637
04/03/2021,73493,570,632,0,24878,3878515
05/03/2021,74183,690,632,0,26213,3904728
06/03/2021,74546,363,632,0,15664,3920392
07/03/2021,74942,396,632,0,15516,3935908
08/03/2021,75770,828,632,0,35930,3971838
09/03/2021,76484,714,632,0,31668,4003506
10/03/2021,77169,685,632,0,31542,4035048
11/03/2021,78041,872,639,7,30555,4065603
12/03/2021,78946,905,639,0,29805,4095408
13/03/2021,79800,854,639,0,17090,4112498
14/03/2021,80440,640,639,0,16545,4129043
15/03/2021,81305,865,640,1,35415,4164458
16/03/2021,82455,1150,641,1,30891,4195349
17/03/2021,83519,1064,648,7,32791,4228140
18/03/2021,84553,1034,648,0,31726,4259866
19/03/2021,85542,989,648,0,30091,4289957
20/03/2021,86362,820,648,0,17249,4307206
21/03/2021,86939,577,648,0,15600,4322806
22/03/2021,88035,1096,649,1,37069,4359875
23/03/2021,89120,1085,649,0,32931,4392806
24/03/2021,90104,984,656,7,34773,4427579
25/03/2021,90935,831,656,0,33390,4460969
26/03/2021,92007,1072,656,0,33033,4494002
27/03/2021,92469,462,656,0,17799,4511801
28/03/2021,93150,681,656,0,14117,4525918
29/03/2021,94139,989,660,4,30397,4556315
30/03/2021,95208,1069,661,1,21845,4578160
31/03/2021,96079,871,673,12,18414,4596574
01/04/2021,96770,691,673,0,10527,4607101
02/04/2021,97410,640,673,0,11376,4618477
03/04/2021,98102,692,673,0,10861,4629338
04/04/2021,98676,574,673,0,11391,4640729
05/04/2021,99249,573,676,3,16741,4657470
06/04/2021,100149,900,677,1,31339,4688809
07/04/2021,101082,933,683,6,26170,4714979
08/04/2021,101960,878,684,1,23105,4738084
09/04/2021,102719,759,684,0,24104,4762188
10/04/2021,102974,255,684,0,13108,4775296
11/04/2021,103621,647,684,0,11165,4786461
12/04/2021,104269,648,687,3,27741,4814202
13/04/2021,105008,739,688,1,21568,4835770
14/04/2021,105607,599,706,18,21964,4857734
15/04/2021,106224,617,707,1,19716,4877450
16/04/2021,106727,503,708,1,18322,4895772
17/04/2021,107144,417,708,0,9516,4905288
18/04/2021,107510,366,708,0,8974,4914262
19/04/2021,108028,518,709,1,22841,4937103
20/04/2021,108342,314,709,0,18907,4956010
21/04/2021,109137,795,734,25,19637,4975647
22/04/2021,109581,444,735,1,19563,4995210
23/04/2021,110061,480,736,1,20767,5015977
24/04/2021,110390,329,736,0,9871,5025848
25/04/2021,110612,222,736,0,9596,5035444
26/04/2021,111162,550,736,0,24862,5060306
27/04/2021,111686,524,736,0,21459,5081765
28/04/2021,112156,470,753,17,21052,5102817
29/04/2021,112541,385,754,1,19664,5122481
30/04/2021,112970,429,756,2,19031,5141512
01/05/2021,113259,289,756,0,8495,5150007
02/05/2021,113469,210,756,0,9641,5159648
03/05/2021,113952,483,757,1,24873,5184521
04/05/2021,114436,484,757,0,21879,5206400
05/05/2021,114905,469,767,10,22704,5229104
06/05/2021,115411,506,767,0,20427,5249531
07/05/2021,115818,407,767,0,19134,5268665
08/05/2021,116134,316,767,0,9722,5278387
09/05/2021,116365,231,767,0,10903,5289290
10/05/2021,117022,657,767,0,26034,5315324
11/05/2021,117495,473,767,0,21601,5336925
12/05/2021,117995,500,774,7,19215,5356140
13/05/2021,118315,320,774,0,11900,5368040
14/05/2021,118740,425,774,0,17992,5386032
15/05/2021,119052,312,774,0,9946,5395978
16/05/2021,119299,247,774,0,9428,5405406
17/05/2021,119500,201,774,0,5691,5411097
18/05/2021,119814,314,774,0,26964,5438061
19/05/2021,120292,478,781,7,26389,5464450
20/05/2021,120797,505,781,0,26244,5490694
21/05/2021,121511,714,781,0,26509,5517203
22/05/2021,121963,452,781,0,13452,5530655
23/05/2021,122414,451,781,0,13658,5544313
24/05/2021,122652,238,782,1,16746,5561059
25/05/2021,123163,511,782,0,29046,5590105
26/05/2021,123662,499,783,1,24059,5614164
27/05/2021,124071,409,783,0,20439,5634603
28/05/2021,124410,339,783,0,19816,5654419
29/05/2021,124655,245,783,0,8844,5663263
30/05/2021,124824,169,783,0,9568,5672831
31/05/2021,125116,292,783,0,23517,5696348
01/06/2021,125576,460,783,0,19707,5716055
02/06/2021,125929,353,785,2,21121,5737176
03/06/2021,126218,289,785,0,19664,5756840
04/06/2021,126521,303,785,0,17280,5774120
05/06/2021,126689,168,785,0,7946,5782066
06/06/2021,126817,128,785,0,7968,5790034
07/06/2021,127066,249,784,-1,21108,5811142
08/06/2021,127254,188,784,0,17123,5828265
09/06/2021,127466,212,789,5,17243,5845508
10/06/2021,127676,210,789,0,16865,5862373
11/06/2021,127874,198,789,0,16361,5878734
12/06/2021,127986,112,789,0,8005,5886739
13/06/2021,128046,60,789,0,8086,5894825
14/06/2021,128277,231,789,0,21725,5916550
15/06/2021,128499,222,789,0,17983,5934533
16/06/2021,128679,180,790,1,18019,5952552
17/06/2021,128898,219,790,0,17680,5970232
18/06/2021,129095,197,790,0,16470,5986702
19/06/2021,129225,130,790,0,9475,5996177
20/06/2021,129333,108,790,0,8686,6004863
21/06/2021,129545,212,790,0,19706,6024569
22/06/2021,129766,221,790,0,16340,6040909
23/06/2021,129944,178,792,2,16677,6057586
24/06/2021,130270,326,792,0,16977,6074563
25/06/2021,130342,72,792,0,16309,6090872
26/06/2021,130491,149,792,0,7776,6098648
27/06/2021,130588,97,792,0,8183,6106831
28/06/2021,130744,156,792,0,19791,6126622
29/06/2021,131037,293,792,0,16182,6142804
30/06/2021,131316,279,794,2,18311,6161115
01/07/2021,131509,193,794,0,17840,6178955
02/07/2021,131749,240,794,0,15998,6194953
03/07/2021,131861,112,794,0,8022,6202975
04/07/2021,131949,88,794,0,8010,6210985
05/07/2021,132136,187,794,0,17672,6228657
06/07/2021,132363,227,794,0,14151,6242808
07/07/2021,132574,211,796,2,16024,6258832
08/07/2021,132673,99,796,0,16454,6275286
09/07/2021,132966,293,796,0,14572,6289858
10/07/2021,133100,134,796,0,7257,6297115
11/07/2021,133197,97,796,0,6831,6303946
12/07/2021,133367,170,796,0,14560,6318506
13/07/2021,133549,182,796,0,12126,6330632
14/07/2021,133720,171,796,0,12787,6343419
15/07/2021,133876,156,796,0,12541,6355960
16/07/2021,134092,216,796,0,11856,6367816
17/07/2021,134230,138,796,0,6620,6374436
18/07/2021,134339,109,796,0,6918,6381354
19/07/2021,134534,195,796,0,14392,6395746
20/07/2021,134780,246,796,0,11804,6407550
21/07/2021,134969,189,799,3,12734,6420284
22/07/2021,135235,266,799,0,13275,6433559
23/07/2021,135463,228,799,0,12661,6446220
24/07/2021,135631,168,799,0,7538,6453758
25/07/2021,135767,136,799,0,7559,6461317
26/07/2021,136097,330,799,0,16386,6477703
27/07/2021,136370,273,799,0,14992,6492695
28/07/2021,136541,171,799,0,15694,6508389
29/07/2021,137127,586,799,0,15285,6523674
30/07/2021,137471,344,799,0,15942,6539616
31/07/2021,137627,156,799,0,9677,6549293
01/08/2021,137853,226,799,0,9084,6558377
02/08/2021,138265,412,799,0,19168,6577545
03/08/2021,138740,475,799,0,16875,6594420
04/08/2021,139218,478,804,5,17799,6612219
05/08/2021,139778,560,804,0,17492,6629711
06/08/2021,140204,426,804,0,16972,6646683
07/08/2021,140466,262,804,0,9937,6656620
08/08/2021,140836,370,804,0,9870,6666490
09/08/2021,141333,497,804,0,21900,6688390
10/08/2021,141999,666,805,1,18399,6706789
11/08/2021,142321,322,807,2,18773,6725562
12/08/2021,142895,574,807,0,17774,6743336
13/08/2021,143767,872,808,1,17660,6760996
14/08/2021,144035,268,808,0,10363,6771359
15/08/2021,144484,449,808,0,9789,6781148
16/08/2021,145014,530,809,1,21306,6802454
17/08/2021,145761,747,810,1,19259,6821713
18/08/2021,146373,612,811,1,20055,6841768
19/08/2021,147058,685,811,0,20228,6861996
20/08/2021,147778,720,811,0,21387,6883383
21/08/2021,148055,277,811,0,11715,6895098
22/08/2021,148608,553,811,0,12196,6907294
23/08/2021,149732,1124,811,0,30790,6938084
24/08/2021,150825,1093,811,0,30117,6968201
25/08/2021,152119,1294,814,3,31351,6999552
26/08/2021,153534,1415,814,0,30510,7030062
27/08/2021,155086,1552,814,0,28712,7058774
28/08/2021,156133,1047,814,0,16573,7075347
29/08/2021,157040,907,814,0,16593,7091940
30/08/2021,158389,1349,814,0,41249,7133189
31/08/2021,160174,1785,814,0,37703,7170892
01/09/2021,161814,1640,822,8,36008,7206900
02/09/2021,163364,1550,822,0,35290,7242190
03/09/2021,165051,1687,822,0,30918,7273108
04/09/2021,166200,1149,822,0,15884,7288992
05/09/2021,167265,1065,822,0,15820,7304812
06/09/2021,168469,1204,822,0,40079,7344891
07/09/2021,170173,1704,823,1,34117,7379008
08/09/2021,171719,1546,826,3,30858,7409866
09/09/2021,173348,1629,827,1,27408,7437274
10/09/2021,174649,1301,827,0,23790,7461064
11/09/2021,175489,840,827,0,10581,7471645
12/09/2021,176142,653,827,0,11155,7482800
13/09/2021,177262,1120,827,0,30625,7513425
14/09/2021,178481,1219,829,2,25944,7539369
15/09/2021,179450,969,841,12,24417,7563786
16/09/2021,180432,982,841,0,21266,7585052
17/09/2021,181195,763,841,0,16664,7601716
18/09/2021,181765,570,841,0,8674,7610390
19/09/2021,182239,474,841,0,9334,7619724
20/09/2021,182918,679,841,0,27824,7647548
21/09/2021,183402,484,841,0,21767,7669315
22/09/2021,184609,1207,850,9,19920,7689235
23/09/2021,185330,721,850,0,16915,7706150
24/09/2021,186035,705,850,0,13729,7719879
25/09/2021,186554,519,850,0,5934,7725813
26/09/2021,186935,381,850,0,5932,7731745
27/09/2021,187593,658,850,0,17283,7749028
28/09/2021,188295,702,851,1,13351,7762379
29/09/2021,188850,555,861,10,13227,7775606
30/09/2021,189431,581,861,0,11947,7787553
01/10/2021,189915,484,861,0,10002,7797555
02/10/2021,190224,309,861,0,4448,7802003
03/10/2021,190533,309,861,0,4883,7806886
04/10/2021,191017,484,861,0,13957,7820843
05/10/2021,191599,582,861,0,11118,7831961
06/10/2021,192079,480,871,10,10843,7842804
07/10/2021,192587,508,871,0,10063,7852867
08/10/2021,193054,467,871,0,8316,7861183
09/10/2021,193275,221,871,0,3992,7865175
10/10/2021,193562,287,871,0,4025,7869200
11/10/2021,193734,172,871,0,11652,7880852
12/10/2021,194630,896,871,0,8814,7889666
13/10/2021,195029,399,884,13,8941,7898607
14/10/2021,195385,356,884,0,7812,7906419
15/10/2021,195808,423,884,0,7307,7913726
16/10/2021,196142,334,884,0,3427,7917153
17/10/2021,196351,209,884,0,3844,7920997
18/10/2021,196896,545,884,0,11879,7932876
19/10/2021,197504,608,884,0,9466,7942342
20/10/2021,198161,657,893,9,10182,7952524
21/10/2021,198909,748,893,0,9266,7961790
22/10/2021,199550,641,894,1,8712,7970502
23/10/2021,200093,543,894,0,4309,7974811
24/10/2021,200517,424,894,0,4824,7979635
25/10/2021,201410,893,894,0,14188,7993823
26/10/2021,202554,1144,895,1,12156,8005979
27/10/2021,203734,1180,900,5,12843,8018822
28/10/2021,204730,996,900,0,13202,8032024
29/10/2021,205855,1125,900,0,11928,8043952
30/10/2021,206653,798,900,0,5367,8049319
31/10/2021,207280,627,900,0,5681,8055000
01/11/2021,208615,1335,902,2,18332,8073332
02/11/2021,210241,1626,902,0,15684,8089016
03/11/2021,211755,1514,919,17,16928,8105944
04/11/2021,213289,1534,920,1,14865,8120809
05/11/2021,214795,1506,922,2,14139,8134948
06/11/2021,215857,1062,922,0,6807,8141755
07/11/2021,216855,998,922,0,7419,8149174
08/11/2021,218387,1532,921,-1,20723,8169897
09/11/2021,220513,2126,924,3,17858,8187755
10/11/2021,222296,1783,947,23,19131,8206886
11/11/2021,224302,2006,948,1,17687,8224573
12/11/2021,226064,1762,950,2,15210,8239783
13/11/2021,227370,1306,950,0,7661,8247444
14/11/2021,228526,1156,950,0,8001,8255445
15/11/2021,229309,783,951,1,22780,8278225
16/11/2021,232839,3530,952,1,18748,8296973
17/11/2021,235314,2475,995,43,19020,8315993
18/11/2021,237739,2425,996,1,17169,8333162
19/11/2021,240103,2364,999,3,16139,8349301
20/11/2021,241441,1338,999,0,8191,8357492
21/11/2021,242911,1470,999,0,8377,8365869
22/11/2021,245302,2391,1002,3,23469,8389338
23/11/2021,246822,1520,1003,1,19218,8408556
24/11/2021,251397,4575,1049,46,19262,8427818
25/11/2021,254367,2970,1050,1,18498,8446316
26/11/2021,257309,2942,1050,0,16506,8462822
27/11/2021,259200,1891,1050,0,9280,8472102
28/11/2021,260921,1721,1050,0,9659,8481761
29/11/2021,263798,2877,1050,0,26350,8508111
30/11/2021,267843,4045,1054,4,23920,8532031
01/12/2021,271623,3780,1092,38,24275,8556306
02/12/2021,275763,4140,1093,1,25970,8582276
03/12/2021,279954,4191,1093,0,25513,8607789
04/12/2021,282918,2964,1093,0,13442,8621231
05/12/2021,284448,1530,1093,0,13914,8635145
06/12/2021,287123,2675,1096,3,34766,8669911
07/12/2021,294754,7631,1096,0,31355,8701266
08/12/2021,300013,5259,1134,38,31659,8732925
09/12/2021,305368,5355,1135,1,31927,8764852
10/12/2021,310781,5413,1136,1,33156,8798008
11/12/2021,314258,3477,1136,0,17146,8815154
12/12/2021,317880,3622,1136,0,17216,8832370
13/12/2021,317880,0,1136,0,38445,8870815
14/12/2021,328747,10867,1141,5,36069,8906884
15/12/2021,334488,5741,1202,61,35400,8942284
16/12/2021,339008,4520,1202,0,33610,8975894
17/12/2021,343697,4689,1204,2,31852,9007746
18/12/2021,347402,3705,1204,0,17895,9025641
19/12/2021,350424,3022,1204,0,16542,9042183
20/12/2021,354465,4041,1207,3,35429,9077612
21/12/2021,359264,4799,1209,2,29301,9106913
22/12/2021,363554,4290,1257,48,23380,9130293
23/12/2021,367866,4312,1257,0,16486,9146779
24/12/2021,370134,2268,1257,0,6827,9153606
25/12/2021,372123,1989,1257,0,7527,9161133
26/12/2021,374337,2214,1257,0,9844,9170977
27/12/2021,378087,3750,1258,1,20618,9191595
28/12/2021,382789,4702,1258,0,18823,9210418
29/12/2021,387196,4407,1305,47,18886,9229304
30/12/2021,391214,4018,1305,0,17129,9246433
31/12/2021,394259,3045,1305,0,10476,9256909
01/01/2022,396415,2156,1305,0,8036,9264945
02/01/2022,399318,2903,1305,0,13059,9278004
03/01/2022,404551,5233,1305,0,31662,9309666
04/01/2022,412472,7921,1307,2,27333,9336999
05/01/2022,420857,8385,1349,42,26553,9363552
06/01/2022,428736,7879,1349,0,24595,9388147
07/01/2022,434896,6160,1350,1,21701,9409848
08/01/2022,440184,5288,1350,0,12925,9422773
09/01/2022,444368,4184,1350,0,14375,9437148
10/01/2022,450908,6540,1350,0,33301,9470449
11/01/2022,460530,9622,1350,0,29072,9499521
12/01/2022,472355,11825,1372,22,29933,9529454
13/01/2022,483952,11597,1381,9,29207,9558661
14/01/2022,496312,12360,1381,0,27492,9586153
15/01/2022,504789,8477,1381,0,16682,9602835
16/01/2022,512393,7604,1381,0,17976,9620811
17/01/2022,523424,11031,1382,1,43545,9664356
18/01/2022,538791,15367,1383,1,39777,9704133
19/01/2022,554778,15987,1412,29,39003,9743136
20/01/2022,571655,16877,1413,1,38576,9781712
21/01/2022,596613,24958,1414,1,38604,9820316
22/01/2022,609950,13337,1414,0,22720,9843036
23/01/2022,622596,12646,1414,0,22859,9865895
24/01/2022,641138,18542,1414,0,52231,9918126
25/01/2022,665567,24429,1416,2,42758,9960884
26/01/2022,690244,24677,1439,23,33436,9994320